{"schemaVersion":"1.0","appDefinitionTemplate":{"id":"/providers/Microsoft.PowerApps/apps/","type":"Microsoft.PowerApps/apps","tags":{"primaryDeviceWidth":"1366","primaryDeviceHeight":"768","sienaVersion":"20220213T162149Z-3.22014.14.0","deviceCapabilities":"","supportsPortrait":"true","supportsLandscape":"true","primaryFormFactor":"Tablet","publisherVersion":"3.22014.14","minimumRequiredApiVersion":"2.2.0","hasComponent":"false","hasUnlockedComponent":"false","isUnifiedRootApp":"false"},"properties":{"appVersion":"2022-02-13T16:21:49Z","lifeCycleId":"Published","createdByClientVersion":{"major":3,"minor":22014,"build":14,"revision":0,"majorRevision":0,"minorRevision":0},"minClientVersion":{"major":3,"minor":22014,"build":14,"revision":0,"majorRevision":0,"minorRevision":0},"backgroundColor":"RGBA(0,176,240,1)","backgroundImageUri":"/14070168491268542653/N19afc4a8-a6ee-4e37-9d9c-0a2715867162-logoSmallFile","displayName":"Single Select Dependent Dropdown","description":"","commitMessage":"","appUris":{"documentUri":{"value":"/14070168491268542653/N033093af-4ae8-4189-b794-d52c830cb0f1-document.msapp"},"imageUris":[]},"createdTime":"0001-01-01T00:00:00Z","lastModifiedTime":"0001-01-01T00:00:00Z","sharedGroupsCount":0,"sharedUsersCount":0,"icons":{"smallIconUri":"/14070168491268542653/N28a9c610-a9d3-40c7-b371-25575568b432-small.png","mediumIconUri":"/14070168491268542653/Ne4d02f91-c566-4623-aa69-168f14223ff0-medium.png","largeIconUri":"/14070168491268542653/N7fc70f0c-846f-4471-a8fa-1d0ac335ecba-large.png","wideIconUri":"/14070168491268542653/N98e5c8ca-3279-445a-8a1c-41a17e76f722-wide.png"},"connectionReferences":{"d6d9ccbd-de50-4e65-b4d5-a1a587418fcb":{"id":"628d21cc-307d-4887-a1af-e38cbc1f4a47","displayName":"SharePoint","iconUri":"https://connectoricons-prod.azureedge.net/releases/v1.0.1550/1.0.1550.2686/sharepointonline/icon.png","dataSources":["SupplierTracking","Laboratories"],"dependencies":[],"dependents":[],"parameterHints":{},"parameterHintsV2":{},"isOnPremiseConnection":false,"bypassConsent":false,"dataSets":{"https://ltiblogs.sharepoint.com/sites/Development":{"dataSources":{"SupplierTracking":{"tableName":"6935c6f7-403a-4365-b68b-2a933a595886"},"Laboratories":{"tableName":"e1180632-e732-4b38-a594-91d7ddc730fd"}}}},"apiTier":"Standard","isCustomApiConnection":false,"actions":["providers/PowerPlatform.Governance/Operations/Read"]}},"databaseReferences":{},"almMode":"Environment","performanceOptimizationEnabled":true,"canConsumeAppPass":true,"executionRestrictions":{"isTeamsOnly":false,"dataLossPreventionEvaluationResult":{"status":"Compliant","lastEvaluationDate":"2022-02-13T00:01:47.1095512Z","violations":[],"violationsByPolicy":[],"violationErrorMessage":"The app uses the following connectors: shared_sharepointonline."}}},"appType":"ClassicCanvasApp","appComponents":[]}}